Player_ID,Team,Player,Position,Minutes,Avg_Rate,Market Value,Saves,Save percentage,Goals conceded,Goals prevented,Clean sheets,Penalty saves,Penalties conceded,Penalty save %,Error led to goal,Acted as sweeper,High claims,Accurate passes,Pass accuracy,Accurate long balls,Long ball accuracy,xA,Yellow cards,Red cards,Chances created,Assists
866967,Manchester United,Altay Bayindir,GK / Keeper,540,6.38,9.7,13.0,54.2,11.0,-0.84,0.0,,,,1.0,2.0,6.0,107.0,60.5,31.0,31.0,0.04,0.0,0.0,1.0,
637656,Leeds United,Lucas Perri,GK / Keeper,1599,6.58,18.9,38.0,56.7,29.0,-2.18,3.0,0.0,4.0,0.0,0.0,3.0,9.0,299.0,53.6,93.0,26.5,0.03,2.0,0.0,,
1187213,Manchester City,James Trafford,GK / Keeper,270,7.59,40.4,11.0,73.3,4.0,1.89,1.0,0.0,1.0,0.0,1.0,8.0,2.0,77.0,72.0,13.0,32.5,0.0,0.0,0.0,,
195782,Aston Villa,Marco Bizot,GK / Keeper,405,6.89,2.9,13.0,61.9,8.0,-0.46,1.0,0.0,1.0,0.0,1.0,9.0,6.0,126.0,77.8,23.0,39.0,0.0,2.0,0.0,,
280287,Wolverhampton Wanderers,Sam Johnstone,GK / Keeper,1187,6.62,5.5,39.0,61.9,24.0,-5.3,0.0,0.0,1.0,0.0,1.0,14.0,10.0,245.0,55.9,127.0,39.7,0.05,0.0,0.0,,
1200984,Chelsea,Filip Jörgensen,GK / Keeper,174,6.62,22.6,3.0,50.0,3.0,0.01,0.0,,,,0.0,3.0,,70.0,80.5,14.0,48.3,0.0,0.0,0.0,,
948800,Liverpool,Giorgi Mamardashvili,GK / Keeper,469,6.43,32.8,17.0,63.0,10.0,-2.36,1.0,1.0,1.0,50.0,0.0,7.0,2.0,126.0,74.6,25.0,37.9,0.01,0.0,0.0,,
746395,Newcastle United (on loan),Aaron Ramsdale,GK / Keeper,898,6.48,18.1,10.0,50.0,10.0,-2.39,0.0,0.0,2.0,0.0,0.0,2.0,6.0,134.0,72.0,26.0,33.8,0.01,0.0,0.0,1.0,
749834,Nottingham Forest,John Victor,GK / Keeper,490,5.84,9.9,6.0,42.9,8.0,-2.96,1.0,0.0,1.0,0.0,1.0,3.0,1.0,83.0,63.8,30.0,39.0,0.01,1.0,0.0,,
1526728,Girona,Vladyslav Krapyvtsov,GK / Keeper,136,5.17,817.8,4.0,40.0,6.0,-2.59,0.0,0.0,1.0,0.0,0.0,,,25.0,64.1,8.0,36.4,0.0,0.0,0.0,,
1237455,Levante,Pablo Cunat,GK / Keeper,180,7.04,1.4,11.0,68.8,5.0,-0.26,0.0,,,,0.0,,2.0,29.0,50.9,15.0,35.7,0.0,0.0,0.0,,
1280020,Valencia (on loan),Julen Agirrezabala,GK / Keeper,1723,6.94,13.5,54.0,64.3,30.0,-4.03,4.0,1.0,3.0,25.0,0.0,21.0,23.0,344.0,69.6,81.0,35.2,0.02,1.0,0.0,1.0,
73409,Sevilla,Ørjan Håskjold Nyland,GK / Keeper,360,6.43,703.1,9.0,56.2,7.0,-0.69,1.0,0.0,1.0,0.0,0.0,2.0,,79.0,67.5,21.0,35.6,0.0,1.0,0.0,,
532942,Real Betis,Pau Lopez,GK / Keeper,1039,6.94,1.7,26.0,74.3,9.0,-0.75,2.0,1.0,0.0,100.0,0.0,6.0,3.0,166.0,75.1,43.0,43.9,0.01,1.0,0.0,,
942375,Villarreal,Arnau Tenas,GK / Keeper,270,6.43,4.4,6.0,50.0,6.0,-1.7,0.0,0.0,1.0,0.0,0.0,1.0,3.0,41.0,48.8,12.0,22.2,0.0,0.0,0.0,,
169718,Barcelona,Wojciech Szczesny,GK / Keeper,540,7.11,1.2,17.0,60.7,11.0,1.53,0.0,1.0,1.0,50.0,0.0,12.0,1.0,152.0,82.2,15.0,31.9,0.0,0.0,0.0,,
1096396,Mallorca,Lucas Bergström,GK / Keeper,548,7.03,881.2,15.0,68.2,7.0,-0.66,2.0,,,,0.0,6.0,4.0,78.0,53.8,47.0,41.6,0.02,1.0,0.0,,
389050,Atletico Madrid,Juan Musso,GK / Keeper,90,7.7,2.4,1.0,100.0,0.0,0.01,1.0,,,,0.0,,2.0,25.0,96.2,3.0,75.0,0.0,1.0,0.0,,
1077903,PSV Eindhoven (on loan),Matej Kovar,GK / Keeper,1832,6.84,5.2,48.0,65.8,25.0,-2.83,5.0,0.0,2.0,0.0,1.0,11.0,17.0,598.0,76.2,129.0,42.3,0.04,0.0,0.0,1.0,
796398,Union St.Gilloise,Kjell Scherpen,GK / Keeper,1811,7.28,5.4,42.0,82.4,9.0,2.97,10.0,0.0,3.0,0.0,2.0,5.0,15.0,394.0,76.8,111.0,48.5,0.08,1.0,0.0,1.0,
1022350,Benfica,Anatoliy Trubin,GK / Keeper,1530,7.25,32.2,34.0,77.3,10.0,2.84,9.0,1.0,1.0,50.0,1.0,4.0,5.0,242.0,73.3,48.0,35.6,0.01,0.0,0.0,,
1154332,Qarabag FK,Mateusz Kochalski,GK / Keeper,885,6.33,1.1,30.0,58.8,21.0,-3.53,1.0,1.0,1.0,50.0,0.0,5.0,2.0,183.0,68.8,47.0,36.4,0.02,0.0,0.0,,
181873,Olympiacos,Alexandros Paschalakis,GK / Keeper,90,0.13,69.1,,,,,,,,,,,,,,,,,,,,
679101,Pafos FC,Neophytos Michael,GK / Keeper,90,7.32,111.4,,,,,,,,,,,,,,,,,,,,
463967,Slavia Prague,Jindrich Stanek,GK / Keeper,1260,6.81,1.8,25.0,62.5,15.0,,4.0,1.0,1.0,50.0,0.0,6.0,8.0,348.0,71.5,94.0,40.9,,1.0,0.0,2.0,
625360,Bodø/Glimt,Nikita Haikin,GK / Keeper,2700,7.06,1.2,62.0,68.9,28.0,-3.0,13.0,0.0,2.0,0.0,2.0,18.0,13.0,696.0,77.4,163.0,45.3,0.05,1.0,0.0,,
1068920,Ajax (on loan),Vitezslav Jaros,GK / Keeper,1526,7.18,3.3,53.0,73.6,19.0,1.99,5.0,0.0,3.0,0.0,0.0,3.0,15.0,486.0,74.5,101.0,38.7,0.04,1.0,0.0,,
1177131,Paris Saint-Germain,Lucas Chevalier,GK / Keeper,1530,6.99,37.6,33.0,71.7,13.0,-0.59,9.0,1.0,1.0,33.3,1.0,3.0,7.0,350.0,87.7,30.0,39.5,0.0,0.0,0.0,,
37868,Club Brugge,Simon Mignolet,GK / Keeper,135,7.08,648.4,10.0,90.9,1.0,0.67,0.0,,,,0.0,,,53.0,88.3,7.0,50.0,0.0,0.0,0.0,,
526227,Club Brugge,Nordin Jackers,GK / Keeper,1523,7.04,999.1,42.0,70.0,18.0,-2.08,7.0,0.0,1.0,0.0,1.0,8.0,8.0,404.0,76.5,106.0,46.5,0.06,1.0,0.0,,
873557,FC København,Dominik Kotarski,GK / Keeper,1661,6.67,10.5,46.0,63.9,26.0,-1.9,4.0,0.0,4.0,0.0,2.0,7.0,9.0,465.0,78.3,106.0,45.7,0.12,1.0,0.0,1.0,
330643,Bayer Leverkusen,Mark Flekken,GK / Keeper,1631,6.72,10.0,59.0,70.2,25.0,-2.15,4.0,0.0,3.0,0.0,2.0,7.0,9.0,425.0,75.9,87.0,40.5,0.03,1.0,0.0,1.0,
432435,Eintracht Frankfurt,Michael Zetterer,GK / Keeper,990,6.4,2.6,23.0,57.5,17.0,-3.69,3.0,0.0,2.0,0.0,2.0,5.0,8.0,293.0,74.0,97.0,50.0,0.03,0.0,0.0,,
603669,Galatasaray,Ugurcan Cakir,GK / Keeper,1507,7.4,15.9,42.0,79.2,11.0,4.55,6.0,,,,0.0,13.0,8.0,475.0,77.5,116.0,46.4,0.08,1.0,0.0,1.0,
959247,Sporting CP,Joao Virginia,GK / Keeper,180,7.48,962.7,3.0,75.0,1.0,0.34,1.0,,,,0.0,,3.0,40.0,88.9,4.0,44.4,0.0,0.0,0.0,,
1782318,Kairat Almaty,Sherhan Kalmurza,GK / Keeper,180,5.85,,11.0,55.0,9.0,-0.75,0.0,1.0,1.0,50.0,0.0,2.0,2.0,32.0,61.5,12.0,38.7,0.0,0.0,0.0,,
1072068,Olympiacos,Konstantinos Tzolakis,GK / Keeper,1530,7.53,14.7,29.0,78.4,8.0,2.49,11.0,0.0,2.0,0.0,0.0,21.0,15.0,228.0,63.7,76.0,37.4,0.06,0.0,0.0,1.0,
361717,Sporting CP,Rui Silva,GK / Keeper,1531,7.29,7.0,43.0,82.7,9.0,2.98,9.0,0.0,1.0,0.0,1.0,10.0,11.0,336.0,89.6,37.0,49.3,0.0,2.0,0.0,,
181910,Juventus,Mattia Perin,GK / Keeper,270,6.18,1.7,4.0,57.1,3.0,-0.92,0.0,,,,0.0,,,46.0,100.0,8.0,100.0,0.0,0.0,0.0,,
1270388,Kairat Almaty,Temirlan Anarbekov,GK / Keeper,120,7.6,299.9,,,,,,,,,,,,,,,,,,,,
1085744,Slavia Prague,Jakub Markovic,GK / Keeper,450,7.42,1.2,10.0,90.9,1.0,,4.0,,,,0.0,1.0,7.0,111.0,71.6,45.0,50.6,,0.0,0.0,,
26547,Heracles,Remko Pasveer,GK / Keeper,360,6.38,288.6,15.0,68.2,7.0,-0.53,0.0,0.0,1.0,0.0,1.0,4.0,2.0,137.0,75.3,41.0,48.2,0.02,0.0,0.0,,
66757,Monaco,Lukas Hradecky,GK / Keeper,631,6.94,1.8,21.0,67.7,10.0,1.82,1.0,0.0,2.0,0.0,0.0,4.0,3.0,133.0,73.1,27.0,36.0,0.01,0.0,0.0,,
800882,Real Madrid,Andriy Lunin,GK / Keeper,120,0.27,19.4,,,,,,,,,,,,,,,,,,,,
335429,Galatasaray,Günay Güvenc,GK / Keeper,989,7.43,520.5,13.0,76.5,4.0,0.87,4.0,,,,0.0,9.0,4.0,197.0,87.2,36.0,58.1,0.01,2.0,0.0,,
1192954,Club Brugge,Dani van den Heuvel,GK / Keeper,424,6.38,289.0,10.0,52.6,9.0,-0.88,0.0,1.0,1.0,50.0,0.0,1.0,1.0,125.0,80.6,17.0,36.2,0.02,0.0,0.0,,
1042752,Pafos FC,Jay Gorter,GK / Keeper,90,0.37,532.3,,,,,,,,,,,,,,,,,,,,
317564,Arsenal,Kepa Arrizabalaga,GK / Keeper,120,7.25,7.1,4.0,80.0,1.0,0.07,0.0,,,,0.0,1.0,,35.0,81.4,4.0,33.3,0.04,0.0,0.0,,
212630,Atalanta,Marco Sportiello,GK / Keeper,90,7.47,930.4,2.0,100.0,0.0,0.02,1.0,,,,0.0,,,22.0,88.0,2.0,40.0,0.0,0.0,0.0,,
841966,FC Midtjylland,Elias Olafsson,GK / Keeper,1261,7.14,1.5,46.0,75.4,15.0,3.14,5.0,0.0,1.0,0.0,2.0,10.0,16.0,252.0,67.9,59.0,33.9,0.02,0.0,0.0,,
806972,Fiorentina,Oliver Christensen,GK / Keeper,1317,7.29,1.3,39.0,68.4,18.0,3.76,5.0,0.0,1.0,0.0,0.0,26.0,7.0,256.0,67.0,60.0,32.4,0.02,1.0,0.0,,
429697,PAOK Thessaloniki,Jiri Pavlenka,GK / Keeper,1241,6.9,982.8,19.0,65.5,10.0,-0.32,5.0,0.0,1.0,0.0,0.0,5.0,3.0,271.0,81.9,46.0,44.2,0.01,0.0,0.0,,
1284333,Maccabi Tel Aviv,Roi Mishpati,GK / Keeper,778,6.88,181.2,21.0,77.8,6.0,,4.0,0.0,1.0,0.0,0.0,9.0,2.0,200.0,82.6,33.0,45.8,,1.0,1.0,,
1186978,Braga,Lukas Hornicek,GK / Keeper,1751,7.22,10.2,40.0,69.0,18.0,1.83,7.0,2.0,1.0,66.7,0.0,25.0,10.0,540.0,78.1,74.0,33.5,0.01,2.0,0.0,,
408986,Feyenoord,Timon Wellenreuther,GK / Keeper,1800,6.71,4.3,52.0,64.2,29.0,-3.64,6.0,0.0,3.0,0.0,1.0,16.0,12.0,527.0,70.8,144.0,40.7,0.05,4.0,0.0,,
725462,Dinamo Zagreb,Ivan Nevistic,GK / Keeper,1170,6.81,1.2,28.0,70.0,12.0,,5.0,0.0,1.0,0.0,0.0,7.0,10.0,285.0,72.9,48.0,31.6,,0.0,0.0,,
363364,Fenerbahçe,Ederson,GK / Keeper,1171,7.07,15.5,28.0,70.0,12.0,1.06,5.0,,,,0.0,4.0,7.0,237.0,74.8,64.0,45.1,0.04,2.0,0.0,1.0,
261348,FK Crvena Zvezda,Matheus,GK / Keeper,1620,6.96,1.5,49.0,74.2,17.0,,6.0,0.0,1.0,0.0,0.0,14.0,4.0,434.0,85.1,65.0,46.8,,0.0,0.0,,
37770,Celtic,Kasper Schmeichel,GK / Keeper,1980,7.01,508.1,50.0,70.4,21.0,-2.83,11.0,0.0,3.0,0.0,1.0,18.0,7.0,693.0,87.0,108.0,52.2,0.01,3.0,0.0,,
330458,Basel,Mirko Salvi,GK / Keeper,135,5.84,177.6,3.0,60.0,2.0,-0.86,0.0,,,,0.0,,,30.0,71.4,5.0,29.4,0.0,0.0,0.0,,
120569,Malmö FF,Robin Olsen,GK / Keeper,1647,6.76,489.3,32.0,59.3,22.0,-2.89,3.0,1.0,2.0,33.3,2.0,5.0,13.0,270.0,68.9,48.0,28.7,0.02,0.0,0.0,,
156553,Ludogorets Razgrad,Sergio Padt,GK / Keeper,120,6.6,203.0,,,,,,,,,,,,,,,,,,,,
766574,Nice,Yehvann Diouf,GK / Keeper,2868,6.86,12.3,62.0,68.1,29.0,-0.04,2.0,1.0,4.0,20.0,0.0,6.0,21.0,329.0,75.1,78.0,42.9,0.01,0.0,0.0,,
824747,Go Ahead Eagles,Jari De Busser,GK / Keeper,1712,6.98,2.3,81.0,71.1,33.0,2.85,3.0,0.0,1.0,0.0,1.0,6.0,14.0,498.0,64.7,126.0,32.1,0.05,0.0,0.0,1.0,
905460,FCSB,Stefan Tarnovanu,GK / Keeper,1778,6.54,4.7,38.0,63.3,22.0,,7.0,0.0,4.0,0.0,0.0,5.0,15.0,315.0,70.0,95.0,41.7,,2.0,1.0,,
354136,Brann,Mathias Dyngeland,GK / Keeper,2700,6.73,860.9,71.0,60.7,46.0,-1.54,5.0,1.0,0.0,100.0,3.0,21.0,13.0,895.0,75.3,178.0,38.0,0.12,1.0,0.0,,
480788,FC Utrecht,Vasilios Barkas,GK / Keeper,1575,6.93,2.1,56.0,70.9,23.0,1.6,3.0,1.0,0.0,50.0,1.0,10.0,13.0,415.0,71.4,129.0,44.9,0.03,0.0,0.0,,
274023,Ferencvaros,Dénes Dibusz,GK / Keeper,90,6.38,1.4,,,,,,,,,,,,,,,,,,,,
638091,Banik Ostrava (on loan),Martin Jedlicka,GK / Keeper,1275,6.67,2.0,39.0,66.1,20.0,,4.0,0.0,3.0,0.0,0.0,4.0,7.0,297.0,68.9,95.0,41.7,,0.0,0.0,1.0,
288880,Rangers,Jack Butland,GK / Keeper,2071,7.36,1.2,73.0,81.1,17.0,5.92,10.0,3.0,0.0,100.0,2.0,21.0,8.0,493.0,70.3,109.0,34.8,0.04,1.0,0.0,2.0,
277845,Genk,Hendrik van Crombrugge,GK / Keeper,1230,6.75,1.1,40.0,69.0,18.0,-1.47,1.0,0.0,1.0,0.0,1.0,3.0,13.0,337.0,84.0,72.0,55.4,0.03,0.0,0.0,,
450739,Salzburg,Alexander Schlager,GK / Keeper,1600,7.0,1.5,49.0,71.0,20.0,3.29,4.0,0.0,3.0,0.0,0.0,4.0,8.0,362.0,76.7,97.0,46.9,0.04,4.0,0.0,,
795630,FC Porto,Diogo Costa,GK / Keeper,1744,7.56,35.8,32.0,88.9,4.0,3.17,14.0,,,,0.0,19.0,8.0,490.0,78.7,108.0,46.2,0.1,1.0,0.0,,
1107298,Young Boys,Marvin Keller,GK / Keeper,1948,6.25,11.9,60.0,57.1,45.0,-5.68,4.0,1.0,4.0,16.7,1.0,9.0,5.0,612.0,75.6,163.0,45.5,0.07,1.0,0.0,,
698273,Panathinaikos (on loan),Alban Lafont,GK / Keeper,675,6.84,1.9,9.0,52.9,8.0,0.54,2.0,2.0,1.0,66.7,0.0,3.0,2.0,139.0,69.5,24.0,28.9,0.0,1.0,0.0,,
114737,Basel,Marwin Hitz,GK / Keeper,1890,6.25,310.7,79.0,76.7,24.0,8.36,7.0,0.0,4.0,0.0,1.0,2.0,9.0,482.0,82.1,109.0,52.7,0.01,0.0,0.0,,
1357698,Sturm Graz II,Matteo Bignetti,GK / Keeper,213,5.81,588.4,4.0,44.4,5.0,-1.99,1.0,,,,1.0,1.0,2.0,38.0,67.9,11.0,37.9,0.03,0.0,0.0,,
450742,Widzew Łódź,Bartlomiej Dragowski,GK / Keeper,540,6.27,1.8,5.0,35.7,9.0,-1.39,1.0,0.0,2.0,0.0,1.0,4.0,6.0,98.0,72.1,21.0,36.2,0.0,0.0,0.0,,
873265,PAOK Thessaloniki,Antonis Tsiftsis,GK / Keeper,535,7.29,371.9,10.0,83.3,2.0,0.95,4.0,,,,0.0,5.0,4.0,149.0,78.8,27.0,41.5,0.0,1.0,0.0,,
1186615,Malmö FF,Melker Ellborg,GK / Keeper,823,7.26,511.7,10.0,83.3,2.0,1.24,5.0,,,,0.0,,7.0,137.0,75.3,35.0,44.3,0.01,1.0,0.0,1.0,
458812,Ludogorets Razgrad,Hendrik Bonmann,GK / Keeper,120,0.52,518.3,,,,,,,,,,,,,,,,,,,,
282114,FCSB,Lukas Zima,GK / Keeper,289,6.03,742.9,11.0,55.0,9.0,,0.0,0.0,2.0,0.0,0.0,1.0,1.0,50.0,76.9,11.0,44.0,,0.0,0.0,,
786630,Celta Vigo,Iván Villar,GK / Keeper,120,6.62,828.8,,,,,,,,,,,,,,,,,,,,
351869,FC Utrecht,Michael Brouwer,GK / Keeper,137,6.39,255.8,4.0,57.1,3.0,0.02,0.0,0.0,1.0,0.0,0.0,2.0,,32.0,65.3,17.0,50.0,0.01,0.0,0.0,,
1572337,Salzburg,Christian Zawieschitzky,GK / Keeper,90,7.34,175.0,3.0,75.0,1.0,0.48,0.0,,,,0.0,1.0,,19.0,70.4,5.0,50.0,0.0,0.0,0.0,,
402897,Dinamo Zagreb,Ivan Filipovic,GK / Keeper,540,6.92,206.0,10.0,71.4,4.0,,3.0,,,,1.0,4.0,9.0,128.0,73.6,32.0,41.6,,0.0,0.0,,
1514693,Viktoria Plzen,Florian Wiegele,GK / Keeper,436,6.56,437.1,20.0,76.9,6.0,,1.0,,,,1.0,,4.0,118.0,70.7,27.0,36.5,,0.0,0.0,,
767014,Lyon,Rémy Descamps,GK / Keeper,360,7.47,1.4,10.0,76.9,3.0,1.84,3.0,,,,0.0,2.0,2.0,78.0,70.9,11.0,28.2,0.0,0.0,0.0,,
58484,Ferencvaros,David Grof,GK / Keeper,90,0.07,102.7,,,,,,,,,,,,,,,,,,,,
1248004,Sturm Graz II,Daniil Khudyakov,GK / Keeper,90,0.4,1.1,,,,,,,,,,,,,,,,,,,,
950832,Genk,Tobias Lawal,GK / Keeper,900,6.5,2.2,30.0,65.2,16.0,-1.49,0.0,0.0,2.0,0.0,1.0,6.0,8.0,304.0,86.1,49.0,51.0,0.02,0.0,0.0,,
1477918,Maccabi Tel Aviv,Ofek Melika,GK / Keeper,900,6.62,337.7,32.0,68.1,15.0,,1.0,1.0,0.0,100.0,0.0,5.0,1.0,222.0,78.4,60.0,52.2,,0.0,0.0,,
553849,Roma,Pierluigi Gollini,GK / Keeper,90,5.92,903.7,0.0,,1.0,-0.77,0.0,,,,0.0,1.0,,13.0,46.4,4.0,22.2,0.0,0.0,0.0,,
522236,VfB Stuttgart,Fabian Bredlow,GK / Keeper,180,8.07,721.1,5.0,100.0,0.0,0.74,2.0,,,,0.0,2.0,2.0,45.0,71.4,4.0,18.2,0.0,0.0,0.0,,
556505,Mainz 05,Robin Zentner,GK / Keeper,802,6.72,2.7,25.0,69.4,11.0,-1.83,0.0,,,,0.0,7.0,9.0,175.0,51.8,80.0,32.9,0.09,2.0,1.0,,
982692,Werder Bremen (on loan),Karl Hein,GK / Keeper,180,7.76,2.1,11.0,73.3,4.0,0.72,1.0,0.0,1.0,0.0,0.0,3.0,2.0,83.0,75.5,18.0,40.9,0.0,0.0,0.0,,
1286656,Mainz 05,Lasse Riess,GK / Keeper,291,5.77,583.1,15.0,55.6,12.0,-2.42,0.0,0.0,1.0,0.0,0.0,1.0,1.0,61.0,61.6,16.0,29.6,0.01,0.0,0.0,,
213299,Genoa,Nicola Leali,GK / Keeper,1734,6.92,1.1,55.0,68.8,25.0,0.35,4.0,0.0,2.0,0.0,1.0,11.0,12.0,305.0,62.2,103.0,36.3,0.04,2.0,1.0,2.0,
869054,Sassuolo,Stefano Turati,GK / Keeper,90,5.88,5.3,2.0,50.0,2.0,-0.76,0.0,,,,0.0,,1.0,6.0,27.3,1.0,5.9,0.0,0.0,0.0,,
747079,Pisa,Adrian Semper,GK / Keeper,1530,6.88,2.6,60.0,70.6,25.0,-0.83,4.0,0.0,1.0,0.0,0.0,3.0,20.0,311.0,60.0,151.0,42.4,0.04,0.0,0.0,,
1053679,Parma,Zion Suzuki,GK / Keeper,998,6.9,24.5,36.0,72.0,14.0,-1.15,3.0,1.0,1.0,50.0,0.0,9.0,11.0,247.0,61.3,114.0,42.4,0.08,1.0,0.0,,
1132319,Udinese,Razvan Sava,GK / Keeper,727,6.37,3.6,14.0,50.0,14.0,-3.86,1.0,,,,0.0,4.0,2.0,129.0,75.0,20.0,32.3,0.01,1.0,0.0,,
1053960,Torino,Franco Israel,GK / Keeper,935,6.32,5.2,24.0,57.1,18.0,-5.19,3.0,0.0,2.0,0.0,0.0,4.0,7.0,170.0,58.6,62.0,34.3,0.02,1.0,0.0,,
281762,Milan,Pietro Terracciano,GK / Keeper,124,7.06,698.7,4.0,100.0,0.0,0.2,1.0,,,,0.0,,1.0,29.0,93.5,7.0,77.8,0.0,0.0,0.0,,
772168,Inter,Josep Martinez,GK / Keeper,180,7.09,13.5,4.0,80.0,1.0,0.42,1.0,,,,0.0,1.0,,49.0,77.8,8.0,36.4,0.0,0.0,0.0,,
165952,Cremonese,Marco Silvestri,GK / Keeper,710,6.5,320.4,15.0,68.2,7.0,-0.01,0.0,,,,1.0,2.0,2.0,80.0,57.1,23.0,28.0,0.01,0.0,0.0,,
1696050,Bologna,Massimo Pessina,GK / Keeper,82,7.31,1.3,,,,,,,,,,,,,,,,,,,,
577914,Genoa,Daniele Sommariva,GK / Keeper,199,5.84,301.5,8.0,66.7,4.0,-0.56,0.0,,,,1.0,1.0,,49.0,54.4,25.0,38.5,0.02,0.0,0.0,,
42692,Udinese,Daniele Padelli,GK / Keeper,180,6.89,328.0,3.0,60.0,2.0,-0.56,0.0,0.0,1.0,0.0,0.0,2.0,,42.0,66.7,7.0,25.0,0.0,0.0,0.0,,
1197339,Parma,Filippo Rinaldi,GK / Keeper,90,8.56,711.5,4.0,100.0,0.0,1.08,1.0,,,,0.0,,3.0,21.0,47.7,7.0,23.3,0.0,1.0,0.0,,
724909,Brest (on loan),Radoslaw Majecki,GK / Keeper,920,6.16,5.4,26.0,63.4,15.0,-2.79,3.0,0.0,1.0,0.0,2.0,3.0,9.0,202.0,67.8,83.0,46.9,0.02,0.0,1.0,,
1127125,Paris FC,Obed Nkambadio,GK / Keeper,1342,6.12,9.1,23.0,53.5,20.0,-4.96,1.0,1.0,2.0,25.0,2.0,8.0,4.0,349.0,79.9,48.0,35.3,0.01,0.0,0.0,1.0,
564571,Lorient,Bingourou Kamara,GK / Keeper,270,5.78,731.1,8.0,50.0,8.0,-2.88,1.0,0.0,0.0,0.0,0.0,2.0,2.0,53.0,79.1,12.0,50.0,0.0,0.0,0.0,,
1218841,Auxerre,Théo De Percin,GK / Keeper,304,6.7,625.1,7.0,63.6,4.0,-0.91,0.0,,,,0.0,5.0,3.0,41.0,51.9,19.0,33.9,0.01,0.0,0.0,,
150021,Strasbourg,Karl-Johan Johnsson,GK / Keeper,90,8.05,224.1,2.0,100.0,0.0,0.28,1.0,,,,0.0,1.0,1.0,25.0,78.1,4.0,36.4,0.0,0.0,0.0,,
841705,Lille,Arnaud Bodart,GK / Keeper,298,6.14,1.6,3.0,50.0,3.0,0.22,0.0,0.0,1.0,0.0,0.0,2.0,1.0,53.0,77.9,14.0,50.0,0.01,0.0,0.0,,
1536963,Metz,Pape Sy,GK / Keeper,120,4.4,291.9,4.0,50.0,4.0,-1.16,0.0,,,,1.0,,1.0,12.0,44.4,8.0,38.1,0.0,0.0,0.0,,
271031,Nantes,Patrik Carlgren,GK / Keeper,91,6.83,306.7,3.0,60.0,2.0,-1.28,0.0,,,,0.0,1.0,1.0,12.0,40.0,5.0,21.7,0.0,0.0,0.0,,
1177482,Angers,Melvin Zinga,GK / Keeper,180,6.2,382.5,7.0,63.6,4.0,-0.95,0.0,,,,0.0,,1.0,33.0,67.3,9.0,36.0,0.0,0.0,0.0,,
1487859,Le Havre,Paul Argney,GK / Keeper,90,6.87,984.8,2.0,66.7,1.0,-0.03,0.0,,,,0.0,,1.0,24.0,80.0,3.0,33.3,0.0,0.0,0.0,,
210164,West Ham United,Alphonse Areola,GK / Keeper,1800,6.56,7.5,77.0,67.5,37.0,-1.48,0.0,0.0,5.0,0.0,2.0,,15.0,251.0,46.6,126.0,30.5,0.02,0.0,0.0,1.0,1.0
184554,Girona (on loan),Marc-Andre ter Stegen,GK / Keeper,180,6.72,5.3,4.0,66.7,2.0,0.54,0.0,,,,0.0,,1.0,69.0,92.0,7.0,53.8,0.0,0.0,0.0,,
364515,Hellas Verona,Simone Perilli,GK / Keeper,270,5.88,250.8,8.0,53.3,7.0,-2.66,1.0,,,,0.0,,3.0,36.0,46.2,15.0,26.8,0.0,0.0,0.0,,
181069,Nottingham Forest,Matz Sels,GK / Keeper,1677,6.78,5.4,55.0,67.1,27.0,-1.05,4.0,0.0,4.0,0.0,2.0,10.0,11.0,267.0,54.0,96.0,30.0,0.08,1.0,0.0,1.0,
760746,Nottingham Forest,Angus Gunn,GK / Keeper,90,6.36,1.3,,,,,,,,,,,,,,,,,,,,
793041,Bologna,Federico Ravaglia,GK / Keeper,1320,6.82,1.5,45.0,67.2,22.0,0.05,2.0,0.0,1.0,0.0,1.0,13.0,7.0,381.0,72.0,95.0,39.7,0.02,3.0,0.0,,
423223,Pisa,Simone Scuffet,GK / Keeper,690,6.63,984.0,14.0,48.3,15.0,-0.49,1.0,0.0,3.0,0.0,0.0,1.0,3.0,160.0,67.5,73.0,49.0,0.02,0.0,0.0,,
1167220,Barcelona,Joan Garcia,GK / Keeper,2681,7.73,26.7,45.0,78.9,12.0,6.02,9.0,0.0,2.0,0.0,1.0,30.0,11.0,427.0,89.1,54.0,52.4,0.01,1.0,0.0,,
990996,Elche (on loan),Inaki Pena,GK / Keeper,1440,6.92,4.8,55.0,66.3,28.0,3.0,4.0,0.0,2.0,0.0,1.0,17.0,8.0,658.0,74.0,118.0,34.8,0.19,0.0,0.0,3.0,
577912,Napoli,Alex Meret,GK / Keeper,630,6.92,14.1,15.0,60.0,10.0,-1.22,2.0,0.0,2.0,0.0,0.0,7.0,7.0,173.0,79.4,33.0,44.0,0.0,1.0,0.0,1.0,1.0
1553510,Rennes,Mathys Silistrie,GK / Keeper,90,4.59,110.0,0.0,,3.0,-1.68,0.0,,,,0.0,,1.0,28.0,87.5,5.0,71.4,0.0,0.0,0.0,,
278285,Girona,Paulo Gazzaniga,GK / Keeper,1753,6.79,1.9,64.0,68.8,29.0,2.55,4.0,0.0,4.0,0.0,2.0,15.0,17.0,440.0,64.9,107.0,31.7,0.02,4.0,1.0,,
362200,Lecce,Wladimiro Falcone,GK / Keeper,2161,7.18,3.8,68.0,68.7,31.0,5.07,7.0,2.0,4.0,33.3,0.0,14.0,13.0,330.0,45.4,174.0,30.6,0.06,2.0,0.0,1.0,
687868,Marseille,Jeffrey De Lange,GK / Keeper,360,6.41,1.5,11.0,57.9,8.0,-2.16,1.0,,,,0.0,1.0,,88.0,78.6,10.0,31.2,0.0,0.0,0.0,1.0,
958422,Cagliari,Elia Caprile,GK / Keeper,2357,7.13,13.9,87.0,72.5,33.0,4.81,5.0,0.0,1.0,0.0,1.0,10.0,37.0,447.0,63.9,134.0,35.1,0.05,2.0,0.0,1.0,
789571,Chelsea,Robert Sánchez,GK / Keeper,2344,7.29,25.9,65.0,70.7,27.0,2.43,9.0,0.0,1.0,0.0,0.0,20.0,35.0,645.0,67.9,152.0,33.8,0.06,2.0,1.0,5.0,1.0
163604,Leeds United,Karl Darlow,GK / Keeper,903,6.54,356.8,27.0,62.8,16.0,-5.14,1.0,0.0,1.0,0.0,0.0,5.0,7.0,219.0,55.7,76.0,30.9,0.04,0.0,0.0,,
303919,Everton,Jordan Pickford,GK / Keeper,2342,7.11,17.4,71.0,70.3,30.0,4.52,9.0,1.0,2.0,33.3,2.0,26.0,12.0,610.0,61.9,255.0,40.7,0.16,1.0,0.0,,
1067256,AFC Bournemouth,Djordje Petrovic,GK / Keeper,2517,6.75,37.6,80.0,64.0,45.0,-3.41,6.0,0.0,4.0,0.0,2.0,19.0,27.0,395.0,63.4,115.0,33.9,0.02,2.0,0.0,,
538501,Tottenham Hotspur,Guglielmo Vicario,GK / Keeper,2571,6.87,36.6,71.0,65.7,37.0,0.03,7.0,0.0,1.0,0.0,2.0,20.0,21.0,630.0,69.0,134.0,32.5,0.04,1.0,0.0,,
280484,Newcastle United,Nick Pope,GK / Keeper,1787,7.0,7.0,60.0,69.0,27.0,-2.55,7.0,0.0,2.0,0.0,2.0,21.0,29.0,263.0,60.7,73.0,30.2,0.01,1.0,0.0,,
967941,West Ham United,Mads Hermansen,GK / Keeper,560,6.47,19.4,16.0,57.1,12.0,-1.6,2.0,,,,1.0,3.0,8.0,122.0,58.7,31.0,26.5,0.02,0.0,0.0,,
1178602,Manchester United,Senne Lammens,GK / Keeper,1940,7.12,14.1,44.0,62.9,26.0,2.73,4.0,0.0,2.0,0.0,0.0,8.0,18.0,333.0,56.9,121.0,32.7,0.03,0.0,0.0,,
268375,Aston Villa,Emiliano Martinez,GK / Keeper,2040,7.26,17.8,65.0,77.4,19.0,4.85,6.0,1.0,0.0,100.0,3.0,15.0,40.0,601.0,72.1,127.0,35.8,0.07,2.0,0.0,,
1131987,Brighton & Hove Albion,Bart Verbruggen,GK / Keeper,2431,6.93,46.7,72.0,67.9,34.0,1.12,5.0,1.0,5.0,16.7,1.0,11.0,13.0,811.0,78.2,125.0,36.1,0.08,3.0,0.0,1.0,
618878,Manchester City,Gianluigi Donnarumma,GK / Keeper,2070,7.23,46.0,54.0,73.0,20.0,2.43,10.0,1.0,0.0,100.0,1.0,14.0,11.0,486.0,79.3,97.0,44.1,0.01,5.0,0.0,,
215168,Fulham,Bernd Leno,GK / Keeper,2340,6.75,10.9,67.0,62.6,40.0,-6.16,5.0,0.0,2.0,0.0,0.0,11.0,21.0,735.0,76.9,103.0,32.1,0.01,3.0,0.0,,
276729,Nottingham Forest,Stefan Ortega,GK / Keeper,180,6.62,6.2,5.0,62.5,3.0,0.08,1.0,,,,0.0,,,27.0,65.9,13.0,48.1,0.01,0.0,0.0,,
416175,Wolverhampton Wanderers,José Sá,GK / Keeper,1260,6.56,5.2,36.0,60.0,24.0,-3.44,3.0,0.0,2.0,0.0,0.0,7.0,16.0,266.0,61.0,96.0,36.6,0.06,1.0,0.0,1.0,
719330,Crystal Palace,Dean Henderson,GK / Keeper,2344,7.05,28.1,67.0,67.7,32.0,1.87,9.0,0.0,3.0,0.0,0.0,15.0,16.0,455.0,56.7,123.0,26.1,0.11,2.0,0.0,1.0,
72241,Burnley,Martin Dubravka,GK / Keeper,2340,6.88,1.0,100.0,66.2,51.0,-0.95,3.0,0.0,5.0,0.0,1.0,13.0,14.0,480.0,55.1,182.0,31.9,0.05,1.0,0.0,,
1125720,Sunderland,Robin Roefs,GK / Keeper,2345,7.17,20.2,80.0,72.7,30.0,1.3,8.0,1.0,1.0,50.0,1.0,8.0,43.0,647.0,63.2,147.0,28.2,0.1,2.0,0.0,4.0,
319784,Liverpool,Alisson Becker,GK / Keeper,1890,6.8,16.6,44.0,63.8,25.0,-2.47,7.0,0.0,2.0,0.0,0.0,10.0,16.0,517.0,79.3,85.0,39.0,0.03,1.0,0.0,,
776689,Brentford,Caoimhin Kelleher,GK / Keeper,2491,6.85,25.8,69.0,66.3,35.0,-2.51,6.0,3.0,4.0,42.9,1.0,11.0,19.0,581.0,65.1,186.0,37.6,0.06,1.0,0.0,2.0,
562727,Arsenal,David Raya,GK / Keeper,2429,7.18,29.2,37.0,67.3,18.0,-1.59,13.0,,,,0.0,27.0,28.0,519.0,67.8,134.0,35.5,0.09,1.0,0.0,3.0,
592412,Elche,Matias Dituro,GK / Keeper,771,7.4,407.6,19.0,73.1,7.0,0.15,2.0,0.0,2.0,0.0,0.0,15.0,13.0,351.0,75.3,109.0,50.2,0.04,1.0,0.0,1.0,
683762,Osasuna,Sergio Herrera,GK / Keeper,2179,7.28,2.4,87.0,75.7,28.0,5.85,6.0,0.0,5.0,0.0,1.0,32.0,19.0,455.0,67.2,159.0,42.2,0.07,2.0,0.0,,
764018,Borussia Dortmund,Gregor Kobel,GK / Keeper,2035,7.24,40.8,56.0,73.7,20.0,3.74,11.0,0.0,2.0,0.0,0.0,5.0,14.0,486.0,72.3,96.0,35.2,0.06,2.0,0.0,,
212873,Mainz 05,Daniel Batz,GK / Keeper,1013,7.54,313.6,37.0,72.5,14.0,5.29,2.0,0.0,1.0,0.0,0.0,4.0,10.0,190.0,63.1,69.0,38.8,0.03,1.0,0.0,,
282774,Pisa,Nicolas,GK / Keeper,90,5.92,326.7,0.0,,2.0,-0.32,0.0,0.0,0.0,0.0,0.0,1.0,1.0,14.0,51.9,5.0,27.8,0.0,0.0,0.0,,
466439,Milan,Mike Maignan,GK / Keeper,2235,7.42,16.5,64.0,78.0,18.0,9.15,9.0,2.0,4.0,28.6,0.0,4.0,28.0,538.0,76.7,116.0,42.5,0.02,3.0,0.0,,
279714,Rennes,Brice Samba,GK / Keeper,2023,6.85,10.8,62.0,66.0,32.0,-2.0,5.0,1.0,3.0,25.0,1.0,14.0,15.0,569.0,76.0,96.0,35.7,0.04,3.0,0.0,2.0,
800880,Paris Saint-Germain,Matvey Safonov,GK / Keeper,450,7.11,19.4,12.0,66.7,6.0,-0.44,2.0,1.0,0.0,100.0,0.0,3.0,5.0,112.0,84.8,20.0,51.3,0.0,0.0,0.0,2.0,
872934,Monaco,Philipp Köhn,GK / Keeper,2440,6.64,3.9,37.0,60.7,24.0,-2.03,4.0,0.0,2.0,0.0,1.0,9.0,14.0,295.0,77.4,65.0,44.5,0.01,1.0,0.0,,
167035,Nantes,Anthony Lopes,GK / Keeper,1889,6.79,2.2,69.0,64.5,38.0,-1.43,3.0,0.0,3.0,0.0,0.0,13.0,16.0,504.0,77.2,113.0,43.3,0.02,3.0,0.0,,
280818,Espanyol,Marko Dmitrovic,GK / Keeper,2160,6.99,1.2,72.0,68.6,33.0,-2.7,7.0,0.0,4.0,0.0,0.0,13.0,24.0,356.0,56.2,136.0,33.0,0.12,0.0,0.0,1.0,
681213,Celta Vigo,Ionut Andrei Radu,GK / Keeper,2160,6.95,4.7,70.0,72.2,27.0,-1.18,7.0,2.0,3.0,25.0,1.0,6.0,16.0,397.0,69.5,71.0,29.2,0.03,0.0,0.0,,
581919,Getafe,David Soria,GK / Keeper,2160,6.95,2.5,75.0,72.8,28.0,0.23,6.0,0.0,1.0,0.0,2.0,20.0,7.0,318.0,45.8,233.0,38.3,0.07,2.0,0.0,1.0,
1187044,Villarreal,Luiz Junior,GK / Keeper,1927,7.11,13.8,47.0,70.1,20.0,-0.78,7.0,1.0,4.0,20.0,0.0,15.0,21.0,327.0,73.0,72.0,37.9,0.02,3.0,0.0,,
304355,Sevilla (on loan),Odysseas Vlachodimos,GK / Keeper,1800,6.9,2.0,64.0,66.7,32.0,4.37,3.0,1.0,6.0,12.5,0.0,6.0,6.0,410.0,65.6,114.0,35.1,0.02,2.0,0.0,,
530468,Deportivo Alaves,Antonio Sivera,GK / Keeper,2192,6.89,5.2,61.0,67.0,30.0,0.12,3.0,0.0,3.0,0.0,0.0,13.0,18.0,321.0,51.1,191.0,38.7,0.08,0.0,0.0,,
170323,Real Madrid,Thibaut Courtois,GK / Keeper,2304,7.15,11.7,51.0,72.9,19.0,0.44,11.0,0.0,3.0,0.0,0.0,13.0,16.0,569.0,79.6,95.0,39.7,0.03,0.0,0.0,1.0,
616539,Real Sociedad,Alex Remiro,GK / Keeper,2185,6.67,13.1,56.0,61.5,35.0,-3.6,1.0,0.0,5.0,0.0,1.0,12.0,19.0,579.0,69.9,180.0,42.3,0.06,0.0,0.0,3.0,
278814,Bayer Leverkusen,Janis Blaswich,GK / Keeper,390,7.3,593.7,14.0,87.5,2.0,1.59,2.0,,,,1.0,2.0,3.0,95.0,81.2,11.0,33.3,0.0,0.0,0.0,,
466867,St. Pauli,Nikola Vasilj,GK / Keeper,1980,6.71,2.3,75.0,65.8,39.0,2.98,3.0,2.0,2.0,50.0,3.0,6.0,17.0,538.0,72.5,88.0,30.6,0.04,0.0,0.0,,
1418816,Eintracht Frankfurt,Kaua,GK / Keeper,1032,5.8,11.4,29.0,50.0,29.0,-8.28,1.0,0.0,1.0,0.0,3.0,4.0,11.0,254.0,63.5,60.0,29.3,0.02,0.0,0.0,,
784146,Borussia Mönchengladbach,Moritz Nicolas,GK / Keeper,2032,7.07,4.4,86.0,69.9,37.0,2.01,8.0,0.0,3.0,0.0,0.0,8.0,16.0,501.0,72.2,140.0,42.6,0.05,0.0,0.0,2.0,
406501,Hamburger SV,Daniel Heuer Fernandes,GK / Keeper,1916,6.81,699.9,65.0,67.7,31.0,0.5,6.0,1.0,3.0,25.0,1.0,9.0,10.0,813.0,77.2,152.0,39.0,0.07,3.0,0.0,,
186557,Union Berlin,Frederik Rønnow,GK / Keeper,1980,6.68,2.1,57.0,60.6,37.0,-3.68,4.0,0.0,5.0,0.0,1.0,7.0,28.0,368.0,54.2,161.0,34.3,0.08,1.0,0.0,2.0,
178778,Hoffenheim,Oliver Baumann,GK / Keeper,2004,7.18,2.0,69.0,71.1,28.0,3.27,6.0,0.0,4.0,0.0,2.0,23.0,17.0,592.0,70.2,147.0,37.1,0.14,1.0,0.0,,
1281100,Freiburg,Noah Atubolu,GK / Keeper,1980,6.97,16.5,66.0,64.7,36.0,1.4,5.0,1.0,0.0,100.0,1.0,14.0,20.0,565.0,65.1,209.0,41.1,0.44,0.0,0.0,2.0,
1352996,Werder Bremen,Mio Backhaus,GK / Keeper,2058,6.82,3.6,68.0,64.2,38.0,-0.23,3.0,0.0,3.0,0.0,0.0,12.0,22.0,542.0,83.5,92.0,48.2,0.03,0.0,0.0,,
27299,Bayern München,Manuel Neuer,GK / Keeper,1674,6.86,2.2,25.0,59.5,17.0,0.29,5.0,0.0,1.0,0.0,3.0,21.0,7.0,485.0,80.7,113.0,50.4,0.03,0.0,0.0,,
1285872,Bayern München,Jonas Urbig,GK / Keeper,414,7.08,15.9,9.0,81.8,2.0,0.88,3.0,0.0,0.0,0.0,1.0,5.0,4.0,155.0,84.2,24.0,46.2,0.02,0.0,0.0,,
554534,VfB Stuttgart (on loan),Alexander Nübel,GK / Keeper,1981,7.3,11.7,66.0,69.5,29.0,4.4,8.0,1.0,6.0,14.3,2.0,20.0,23.0,584.0,77.0,140.0,45.3,0.05,0.0,0.0,3.0,1.0
573465,1. FC Köln,Marvin Schwäbe,GK / Keeper,2006,6.86,2.3,69.0,65.1,37.0,2.44,3.0,2.0,3.0,40.0,0.0,10.0,7.0,704.0,68.0,256.0,43.8,0.14,0.0,0.0,1.0,
560939,Como,Jean Butez,GK / Keeper,2160,7.39,4.4,64.0,78.0,18.0,3.43,12.0,1.0,3.0,25.0,2.0,43.0,20.0,721.0,82.5,151.0,51.4,0.08,2.0,0.0,1.0,
182917,Fiorentina,David de Gea,GK / Keeper,2519,6.48,2.2,78.0,66.7,39.0,-2.86,3.0,1.0,4.0,20.0,3.0,6.0,8.0,480.0,66.2,120.0,33.3,0.04,0.0,0.0,,
364822,Lazio,Ivan Provedel,GK / Keeper,2250,7.29,2.5,85.0,77.3,25.0,6.38,11.0,1.0,3.0,25.0,0.0,9.0,17.0,604.0,74.7,166.0,45.2,0.03,1.0,0.0,1.0,
1013021,Atalanta,Marco Carnesecchi,GK / Keeper,2467,7.42,27.1,80.0,79.2,21.0,7.97,10.0,2.0,1.0,66.7,0.0,17.0,14.0,534.0,67.7,173.0,40.8,0.04,0.0,0.0,,
41618,Inter,Yann Sommer,GK / Keeper,2291,6.89,2.6,45.0,69.2,20.0,-1.63,12.0,0.0,2.0,0.0,1.0,5.0,9.0,583.0,82.9,120.0,50.6,0.02,0.0,0.0,,
766062,Juventus,Michele Di Gregorio,GK / Keeper,1980,7.08,19.6,46.0,69.7,20.0,-0.53,9.0,0.0,1.0,0.0,0.0,5.0,20.0,390.0,76.6,81.0,40.7,0.01,1.0,0.0,,
245555,Marseille,Geronimo Rulli,GK / Keeper,1783,7.41,3.8,51.0,70.8,21.0,4.26,5.0,0.0,4.0,0.0,1.0,19.0,40.0,474.0,81.0,86.0,44.8,0.02,2.0,0.0,,
1319972,Strasbourg (on loan),Mike Penders,GK / Keeper,1890,6.85,20.4,61.0,67.8,29.0,1.54,6.0,1.0,3.0,25.0,2.0,4.0,16.0,744.0,85.2,90.0,43.5,0.02,3.0,0.0,,
815912,Lille,Berke Özer,GK / Keeper,90,5.08,10.5,1.0,20.0,4.0,-0.86,0.0,0.0,1.0,0.0,0.0,,,30.0,85.7,7.0,58.3,0.01,0.0,0.0,,
864145,Brest,Grégoire Coudert,GK / Keeper,1113,7.03,654.2,39.0,67.2,19.0,0.82,3.0,0.0,1.0,0.0,0.0,4.0,11.0,213.0,55.5,93.0,35.5,0.03,0.0,0.0,,
145550,Paris FC,Kevin Trapp,GK / Keeper,990,6.78,1.4,23.0,54.8,19.0,-0.71,4.0,1.0,4.0,16.7,1.0,7.0,8.0,328.0,77.9,47.0,33.8,0.0,0.0,0.0,,
1390336,Lens,Robin Risser,GK / Keeper,1980,7.44,9.5,58.0,77.3,17.0,8.44,9.0,2.0,2.0,40.0,0.0,7.0,14.0,452.0,75.3,115.0,44.7,0.01,2.0,0.0,2.0,1.0
534955,Real Oviedo,Aaron Escandell,GK / Keeper,2134,7.24,1.6,104.0,74.3,36.0,7.79,6.0,2.0,3.0,40.0,1.0,21.0,15.0,535.0,67.2,168.0,40.1,0.06,2.0,0.0,1.0,
660625,Athletic Club,Unai Simon,GK / Keeper,2160,7.09,29.2,67.0,66.3,34.0,-0.25,5.0,1.0,2.0,33.3,0.0,44.0,18.0,420.0,57.9,145.0,32.6,0.07,0.0,0.0,1.0,
621415,Rayo Vallecano,Augusto Batalla,GK / Keeper,2070,6.93,6.1,65.0,68.4,30.0,-1.04,7.0,0.0,5.0,0.0,0.0,18.0,19.0,544.0,66.2,199.0,42.3,0.08,4.0,0.0,2.0,
177126,Atletico Madrid,Jan Oblak,GK / Keeper,2070,7.07,15.3,51.0,70.8,21.0,1.49,9.0,0.0,1.0,0.0,0.0,10.0,17.0,506.0,74.6,157.0,47.9,0.02,0.0,0.0,,
185644,Levante,Mathew Ryan,GK / Keeper,2104,6.99,1.7,78.0,69.0,35.0,1.63,4.0,1.0,2.0,33.3,0.0,16.0,22.0,463.0,68.5,172.0,45.3,0.04,2.0,0.0,,
254241,Valencia,Stole Dimitrievski,GK / Keeper,540,6.9,1.3,13.0,65.0,7.0,-1.86,2.0,0.0,1.0,0.0,0.0,3.0,7.0,113.0,59.5,50.0,39.7,0.01,0.0,0.0,,
1187702,Mallorca,Leo Román,GK / Keeper,1793,6.73,5.2,69.0,68.3,32.0,1.42,1.0,1.0,4.0,20.0,2.0,7.0,13.0,368.0,65.6,126.0,39.9,0.06,2.0,0.0,,
999171,Real Betis,Álvaro Vallés,GK / Keeper,1440,7.17,1.9,50.0,71.4,20.0,-0.45,6.0,1.0,1.0,33.3,0.0,12.0,13.0,358.0,70.1,79.0,34.8,0.01,1.0,0.0,,
926445,Augsburg,Finn Dahmen,GK / Keeper,2030,6.66,9.1,57.0,59.4,39.0,-2.26,4.0,1.0,6.0,14.3,4.0,16.0,15.0,655.0,69.5,177.0,38.4,0.16,1.0,0.0,3.0,
1042347,FC Heidenheim (on loan),Diant Ramaj,GK / Keeper,2002,6.44,8.8,73.0,60.3,48.0,0.62,0.0,0.0,4.0,0.0,4.0,9.0,28.0,706.0,66.1,256.0,41.6,0.12,1.0,0.0,,
151001,RB Leipzig,Péter Gulácsi,GK / Keeper,2184,6.94,1.6,52.0,65.0,28.0,-0.6,9.0,0.0,2.0,0.0,0.0,13.0,16.0,574.0,82.5,73.0,38.2,0.03,1.0,0.0,,
972200,RB Leipzig,Maarten Vandevoordt,GK / Keeper,90,5.46,10.4,,,,,,,,,,,,,,,,,,,,
760722,Wolfsburg,Kamil Grabara,GK / Keeper,1980,6.86,14.2,75.0,62.0,46.0,0.06,1.0,3.0,4.0,37.5,2.0,10.0,17.0,551.0,70.7,123.0,35.3,0.06,1.0,0.0,2.0,
1091193,Udinese,Maduka Okoye,GK / Keeper,1447,7.02,8.9,45.0,67.2,22.0,3.01,4.0,1.0,4.0,20.0,1.0,6.0,15.0,333.0,64.5,117.0,39.5,0.04,0.0,1.0,1.0,
760752,Sassuolo (on loan),Arijanet Muric,GK / Keeper,2161,7.28,8.8,91.0,73.4,33.0,2.14,5.0,0.0,4.0,0.0,1.0,16.0,55.0,446.0,62.3,159.0,37.6,0.05,4.0,0.0,,
602845,Cremonese (on loan),Emil Audero,GK / Keeper,1955,7.13,2.1,94.0,78.3,26.0,2.54,7.0,1.0,2.0,33.3,3.0,4.0,31.0,496.0,60.0,160.0,32.9,0.04,0.0,0.0,,
721533,Genoa,Justin Bijlow,GK / Keeper,396,6.87,2.1,14.0,63.6,8.0,-0.17,1.0,0.0,3.0,0.0,0.0,2.0,2.0,114.0,77.0,19.0,35.8,0.03,0.0,0.0,,
1117310,Parma,Edoardo Corvi,GK / Keeper,1170,6.97,580.7,34.0,66.7,17.0,2.5,4.0,0.0,3.0,0.0,2.0,10.0,13.0,291.0,75.6,54.0,37.0,0.01,1.0,0.0,,
491784,Hellas Verona,Lorenzo Montipo,GK / Keeper,1980,6.56,1.9,62.0,63.3,36.0,-7.5,4.0,1.0,2.0,33.3,2.0,12.0,20.0,260.0,43.5,149.0,30.8,0.05,0.0,0.0,2.0,
415137,Torino,Alberto Paleari,GK / Keeper,1440,6.99,367.9,41.0,61.2,26.0,-1.28,6.0,0.0,2.0,0.0,0.0,11.0,16.0,339.0,64.7,121.0,39.8,0.05,1.0,0.0,,
178732,Bologna,Lukasz Skorupski,GK / Keeper,1203,6.77,2.2,20.0,66.7,10.0,-0.6,3.0,0.0,2.0,0.0,0.0,5.0,7.0,344.0,74.3,63.0,35.4,0.02,1.0,1.0,,
543021,Napoli (on loan),Vanja Milinkovic-Savic,GK / Keeper,1628,7.09,15.3,31.0,67.4,15.0,0.22,7.0,2.0,4.0,33.3,0.0,10.0,16.0,508.0,71.1,101.0,33.2,0.06,0.0,0.0,2.0,
768474,Roma,Mile Svilar,GK / Keeper,2567,7.31,29.1,76.0,82.6,16.0,5.63,11.0,,,,1.0,9.0,19.0,541.0,71.8,148.0,41.2,0.02,0.0,0.0,,
466436,Le Havre,Mory Diaw,GK / Keeper,1794,6.88,772.8,45.0,65.2,24.0,-3.38,5.0,0.0,3.0,0.0,1.0,9.0,31.0,418.0,72.7,108.0,42.2,0.04,0.0,0.0,3.0,1.0
912286,Le Havre,Lionel Mpasi-Nzau,GK / Keeper,315,7.64,291.5,15.0,88.2,2.0,2.34,1.0,,,,0.0,2.0,3.0,103.0,69.1,31.0,40.3,0.0,1.0,0.0,,
1524210,Toulouse,Guillaume Restes,GK / Keeper,2077,6.95,26.4,48.0,64.9,26.0,0.71,8.0,0.0,4.0,0.0,0.0,9.0,17.0,361.0,67.4,104.0,38.4,0.06,3.0,0.0,1.0,
274787,Lorient,Yvon Mvogo,GK / Keeper,2123,6.88,2.0,44.0,63.8,25.0,-1.69,4.0,0.0,4.0,0.0,0.0,4.0,26.0,515.0,76.2,133.0,46.8,0.02,0.0,0.0,,
695405,Angers (on loan),Hervé Koffi,GK / Keeper,1800,7.36,1.1,75.0,76.5,23.0,8.67,8.0,2.0,1.0,50.0,1.0,8.0,30.0,407.0,69.3,87.0,33.6,0.01,0.0,0.0,,
1075429,Metz,Jonathan Fischer,GK / Keeper,2130,6.76,5.4,80.0,64.0,45.0,-2.14,4.0,1.0,6.0,14.3,0.0,9.0,11.0,627.0,80.8,118.0,44.5,0.02,0.0,0.0,1.0,
279866,Auxerre,Donovan Léon,GK / Keeper,1945,6.92,1.1,70.0,72.9,26.0,2.41,5.0,1.0,1.0,50.0,2.0,11.0,9.0,301.0,53.8,145.0,36.0,0.03,0.0,1.0,1.0,
651910,Lyon,Dominik Greif,GK / Keeper,1648,7.28,5.7,44.0,72.1,17.0,0.71,9.0,2.0,0.0,100.0,0.0,13.0,11.0,475.0,79.7,88.0,42.1,0.02,1.0,0.0,1.0,1.0
263511,Nice,Maxime Dupé,GK / Keeper,540,6.18,487.9,13,54.2,11,-1.21,1,0,2,0.0,1,1,1,127,66.1,26,29.2,0.00,0,0,,
